model,abs_rel_mean,abs_rel_std,rmse_mean,rmse_std,mae_mean,mae_std,delta_1_mean,delta_1_std,delta_2_mean,delta_2_std,delta_3_mean,delta_3_std,silog_mean,silog_std,spearman_mean,spearman_std
Monocular (DA3-Mono),0.27516468090816865,0.5797966134483923,824.0212704497989,922.452593711755,474.5219320165049,617.5138600928765,0.7596405429879979,0.21867675274637616,0.9037406856128508,0.1678404633145421,0.9455959609572824,0.13386397820555418,0.41456979518593834,0.43603502247851683,0.8436669022703749,0.2081780864927948
Metric (DA3-Metric),0.17935474136729293,0.2243022716186638,960.2353577566619,1153.8700296422214,511.8823257295212,611.2989430958984,0.7864404172013805,0.1980239558402902,0.9054862700269867,0.15602449938899204,0.9422334402913474,0.13956326261303223,0.2860798236463703,0.32222525864535917,0.8463017751898688,0.20739860315218098
